{"cameraMode":{"drawMode":0,"name":"Shaded","section":"Shading Mode"},"sceneLighting":true,"audioPlay":false,"sceneViewState":{"m_AlwaysRefresh":false,"showFog":true,"showSkybox":true,"showFlares":true,"showImageEffects":true,"showParticleSystems":true,"showVisualEffectGraphs":true,"m_FxEnabled":true},"in2DMode":false,"pivot":{"x":-11.500687599182129,"y":0.17543575167655946,"z":8.010610580444336},"rotation":{"x":-0.08838938176631928,"y":0.4661337733268738,"z":-0.04687393829226494,"w":-0.8791360259056091},"size":12.12435531616211,"orthographic":false}