{"cameraMode":{"drawMode":0,"name":"Shaded","section":"Shading Mode"},"sceneLighting":false,"audioPlay":false,"sceneViewState":{"m_AlwaysRefresh":false,"showFog":true,"showSkybox":false,"showFlares":true,"showImageEffects":true,"showParticleSystems":true,"showVisualEffectGraphs":true,"m_FxEnabled":true},"in2DMode":false,"pivot":{"x":-0.11118389666080475,"y":0.06025710701942444,"z":0.011645296588540078},"rotation":{"x":-0.015673277899622918,"y":-0.9676785469055176,"z":0.08474456518888474,"w":-0.239360511302948},"size":0.4330126941204071,"orthographic":false}