{"cameraMode":{"drawMode":0,"name":"Shaded","section":"Shading Mode"},"sceneLighting":true,"audioPlay":false,"sceneViewState":{"m_AlwaysRefresh":false,"showFog":true,"showSkybox":true,"showFlares":true,"showImageEffects":true,"showParticleSystems":true,"showVisualEffectGraphs":true,"m_FxEnabled":true},"in2DMode":false,"pivot":{"x":0.019372940063476564,"y":0.05381298065185547,"z":-0.056781768798828128},"rotation":{"x":-0.08629950881004334,"y":0.9004632830619812,"z":-0.20923259854316712,"w":-0.37140268087387087},"size":0.8660253882408142,"orthographic":false}