{"cameraMode":{"drawMode":0,"name":"Shaded","section":"Shading Mode"},"sceneLighting":false,"audioPlay":false,"sceneViewState":{"m_AlwaysRefresh":false,"showFog":true,"showSkybox":false,"showFlares":true,"showImageEffects":true,"showParticleSystems":true,"showVisualEffectGraphs":true,"m_FxEnabled":true},"in2DMode":false,"pivot":{"x":0.5094094276428223,"y":0.009714603424072266,"z":-0.04778236150741577},"rotation":{"x":-0.15336446464061738,"y":-0.7605478763580322,"z":0.2041519582271576,"w":-0.597955584526062},"size":1.8918583393096924,"orthographic":false}